{
    "metrics": {
        "checks": {
            "fails": 0,
            "passes": 346,
            "value": 0
        },
        "data_received": {
            "count": 123122,
            "rate": 20782.53655211875
        },
        "data_sent": {
            "count": 83530,
            "rate": 14099.553923738073
        },
        "http_req_blocked": {
            "avg": 11.979425144508669,
            "max": 972.7956,
            "med": 0,
            "min": 0,
            "p(90)": 0,
            "p(95)": 0
        },
        "http_req_connecting": {
            "avg": 2.5922335260115608,
            "max": 138.0352,
            "med": 0,
            "min": 0,
            "p(90)": 0,
            "p(95)": 0
        },
        "http_req_duration": {
            "avg": 137.17387312138732,
            "max": 2680.439,
            "med": 87.07905,
            "min": 78.0703,
            "p(90)": 180.1638,
            "p(95)": 482.689575
        },
        "http_req_receiving": {
            "avg": 21.372120231213874,
            "max": 684.6239,
            "med": 0,
            "min": 0,
            "p(90)": 1.0015,
            "p(95)": 1.0026249999999999
        },
        "http_req_sending": {
            "avg": 0.03473236994219653,
            "max": 1.0021,
            "med": 0,
            "min": 0,
            "p(90)": 0,
            "p(95)": 0
        },
        "http_req_tls_handshaking": {
            "avg": 9.233836994219653,
            "max": 829.7547,
            "med": 0,
            "min": 0,
            "p(90)": 0,
            "p(95)": 0
        },
        "http_req_waiting": {
            "avg": 115.76702052023121,
            "max": 2680.439,
            "med": 86.0783,
            "min": 77.07,
            "p(90)": 150.1366,
            "p(95)": 180.91415
        },
        "http_reqs": {
            "count": 346,
            "rate": 58.40351559455732
        },
        "iteration_duration": {
            "avg": 149.26617138728338,
            "max": 2680.439,
            "med": 87.0792,
            "min": 78.071,
            "p(90)": 257.73455,
            "p(95)": 486.9434
        },
        "iterations": {
            "count": 346,
            "rate": 58.40351559455732
        },
        "vus": {
            "max": 10,
            "min": 10,
            "value": 10
        },
        "vus_max": {
            "max": 10,
            "min": 10,
            "value": 10
        }
    },
    "root_group": {
        "name": "",
        "path": "",
        "id": "d41d8cd98f00b204e9800998ecf8427e",
        "groups": {},
        "checks": {
            "is status 200": {
                "name": "is status 200",
                "path": "::is status 200",
                "id": "548d37ca5f33793206f7832e7cea54fb",
                "passes": 346,
                "fails": 0
            }
        }
    }
}
